trial_id,plot_id,row,column,replicate,block,treatment,genotype,yield_t_ha,protein_pct,moisture_pct
Wheat_2026_Field_A,P0101,1,1,1,B01,Control,G10,5.666,10.429,12.852
Wheat_2026_Field_A,P0102,1,2,1,B01,Standard N,G03,7.208,10.766,13.251
Wheat_2026_Field_A,P0103,1,3,1,B01,Control,G08,6.744,10.848,13.001
Wheat_2026_Field_A,P0104,1,4,1,B01,Standard N,G01,7.316,10.997,12.988
Wheat_2026_Field_A,P0105,1,5,1,B01,Control,G06,7.076,10.638,12.971
Wheat_2026_Field_A,P0106,1,6,1,B01,Standard N,G11,7.837,10.773,13.215
Wheat_2026_Field_A,P0107,1,7,1,B01,Control,G04,6.698,10.646,12.646
Wheat_2026_Field_A,P0108,1,8,1,B01,Standard N,G09,7.1,10.887,12.868
Wheat_2026_Field_A,P0109,1,9,2,B01,Low N,G03,7.324,10.485,12.833
Wheat_2026_Field_A,P0110,1,10,2,B01,High N,G08,7.184,10.79,12.574
Wheat_2026_Field_A,P0111,1,11,2,B01,Low N,G01,6.744,10.731,12.366
Wheat_2026_Field_A,P0112,1,12,2,B01,High N,G06,8.475,10.668,12.477
Wheat_2026_Field_A,P0113,1,13,2,B01,Low N,G11,5.762,10.735,12.184
Wheat_2026_Field_A,P0114,1,14,2,B01,High N,G04,7.495,10.791,12.47
Wheat_2026_Field_A,P0115,1,15,2,B01,Low N,G09,6.93,10.61,12.513
Wheat_2026_Field_A,P0116,1,16,2,B01,High N,G02,8.088,10.797,12.417
Wheat_2026_Field_A,P0117,1,17,3,B01,Standard N,G08,7.484,10.78,12.899
Wheat_2026_Field_A,P0118,1,18,3,B01,Control,G01,5.802,10.705,12.278
Wheat_2026_Field_A,P0119,1,19,3,B01,Standard N,G06,8.138,10.649,12.791
Wheat_2026_Field_A,P0120,1,20,3,B01,Control,G11,6.479,10.412,12.559
Wheat_2026_Field_A,P0121,1,21,3,B01,Standard N,G04,7.108,10.984,12.843
Wheat_2026_Field_A,P0122,1,22,3,B01,Control,G09,7.152,10.247,12.998
Wheat_2026_Field_A,P0123,1,23,3,B01,Standard N,G02,8.472,10.708,12.707
Wheat_2026_Field_A,P0124,1,24,3,B01,Control,G07,7.23,10.205,12.705
Wheat_2026_Field_A,P0201,2,1,1,B01,Low N,G01,6.423,10.477,12.658
Wheat_2026_Field_A,P0202,2,2,1,B01,High N,G06,8.407,10.95,12.956
Wheat_2026_Field_A,P0203,2,3,1,B01,Low N,G11,6.319,10.643,12.774
Wheat_2026_Field_A,P0204,2,4,1,B01,High N,G04,7.223,10.496,13.079
Wheat_2026_Field_A,P0205,2,5,1,B01,Low N,G09,6.519,10.553,12.769
Wheat_2026_Field_A,P0206,2,6,1,B01,High N,G02,8.543,10.772,12.788
Wheat_2026_Field_A,P0207,2,7,1,B01,Low N,G07,7.122,10.562,13.092
Wheat_2026_Field_A,P0208,2,8,1,B01,High N,G12,7.452,10.705,12.908
Wheat_2026_Field_A,P0209,2,9,2,B01,Standard N,G06,7.548,10.8,12.352
Wheat_2026_Field_A,P0210,2,10,2,B01,Control,G11,6.531,10.326,12.823
Wheat_2026_Field_A,P0211,2,11,2,B01,Standard N,G04,7.871,10.789,12.561
Wheat_2026_Field_A,P0212,2,12,2,B01,Control,G09,6.587,10.647,12.774
Wheat_2026_Field_A,P0213,2,13,2,B01,Standard N,G02,7.861,10.774,12.173
Wheat_2026_Field_A,P0214,2,14,2,B01,Control,G07,6.495,10.663,12.458
Wheat_2026_Field_A,P0215,2,15,2,B01,Standard N,G12,6.854,10.777,12.957
Wheat_2026_Field_A,P0216,2,16,2,B01,Control,G05,5.759,10.596,12.737
Wheat_2026_Field_A,P0217,2,17,3,B01,High N,G11,7.284,11.089,12.659
Wheat_2026_Field_A,P0218,2,18,3,B01,Low N,G04,6.478,10.592,12.78
Wheat_2026_Field_A,P0219,2,19,3,B01,High N,G09,7.103,10.601,12.247
Wheat_2026_Field_A,P0220,2,20,3,B01,Low N,G02,7.048,10.833,13.065
Wheat_2026_Field_A,P0221,2,21,3,B01,High N,G07,7.502,10.839,12.677
Wheat_2026_Field_A,P0222,2,22,3,B01,Low N,G12,6.464,11.109,12.734
Wheat_2026_Field_A,P0223,2,23,3,B01,High N,G05,8.031,10.696,12.92
Wheat_2026_Field_A,P0224,2,24,3,B01,Low N,G10,5.979,10.732,12.765
Wheat_2026_Field_A,P0301,3,1,1,B01,Standard N,G04,6.263,10.649,12.69
Wheat_2026_Field_A,P0302,3,2,1,B01,Control,G09,5.583,10.55,12.583
Wheat_2026_Field_A,P0303,3,3,1,B01,Standard N,G02,7.542,10.527,12.45
Wheat_2026_Field_A,P0304,3,4,1,B01,Control,G07,6.76,10.383,12.83
Wheat_2026_Field_A,P0305,3,5,1,B01,Standard N,G12,7.879,10.828,13.105
Wheat_2026_Field_A,P0306,3,6,1,B01,Control,G05,7.708,10.385,12.919
Wheat_2026_Field_A,P0307,3,7,1,B01,Standard N,G10,7.718,10.447,12.834
Wheat_2026_Field_A,P0308,3,8,1,B01,Control,G03,6.826,10.62,13.275
Wheat_2026_Field_A,P0309,3,9,2,B01,High N,G09,7.551,10.844,12.536
Wheat_2026_Field_A,P0310,3,10,2,B01,Low N,G02,6.966,10.463,12.542
Wheat_2026_Field_A,P0311,3,11,2,B01,High N,G07,7.759,10.95,12.598
Wheat_2026_Field_A,P0312,3,12,2,B01,Low N,G12,6.529,10.375,12.436
Wheat_2026_Field_A,P0313,3,13,2,B01,High N,G05,8.037,11.084,12.416
Wheat_2026_Field_A,P0314,3,14,2,B01,Low N,G10,6.2,10.75,13.065
Wheat_2026_Field_A,P0315,3,15,2,B01,High N,G03,6.74,10.708,12.632
Wheat_2026_Field_A,P0316,3,16,2,B01,Low N,G08,6.129,10.936,12.617
Wheat_2026_Field_A,P0317,3,17,3,B01,Control,G02,6.616,10.434,12.917
Wheat_2026_Field_A,P0318,3,18,3,B01,Standard N,G07,6.371,10.952,12.643
Wheat_2026_Field_A,P0319,3,19,3,B01,Control,G12,5.824,10.56,12.701
Wheat_2026_Field_A,P0320,3,20,3,B01,Standard N,G05,7.854,11.008,13.288
Wheat_2026_Field_A,P0321,3,21,3,B01,Control,G10,6.231,10.399,12.501
Wheat_2026_Field_A,P0322,3,22,3,B01,Standard N,G03,7.448,10.661,13.075
Wheat_2026_Field_A,P0323,3,23,3,B01,Control,G08,6.929,10.288,12.572
Wheat_2026_Field_A,P0324,3,24,3,B01,Standard N,G01,7.729,10.736,12.918
Wheat_2026_Field_A,P0401,4,1,1,B02,High N,G07,7.09,11.13,12.924
Wheat_2026_Field_A,P0402,4,2,1,B02,Low N,G12,5.99,10.628,12.612
Wheat_2026_Field_A,P0403,4,3,1,B02,High N,G05,8.092,11.02,13.005
Wheat_2026_Field_A,P0404,4,4,1,B02,Low N,G10,6.622,10.357,13.016
Wheat_2026_Field_A,P0405,4,5,1,B02,High N,G03,7.681,10.816,13.017
Wheat_2026_Field_A,P0406,4,6,1,B02,Low N,G08,6.923,10.638,13.044
Wheat_2026_Field_A,P0407,4,7,1,B02,High N,G01,8.229,10.577,12.859
Wheat_2026_Field_A,P0408,4,8,1,B02,Low N,G06,7.545,10.386,13.024
Wheat_2026_Field_A,P0409,4,9,2,B02,Control,G12,7.46,10.365,12.933
Wheat_2026_Field_A,P0410,4,10,2,B02,Standard N,G05,7.618,10.946,12.849
Wheat_2026_Field_A,P0411,4,11,2,B02,Control,G10,5.627,10.418,12.535
Wheat_2026_Field_A,P0412,4,12,2,B02,Standard N,G03,6.479,10.807,12.618
Wheat_2026_Field_A,P0413,4,13,2,B02,Control,G08,5.73,10.49,12.11
Wheat_2026_Field_A,P0414,4,14,2,B02,Standard N,G01,6.963,11.087,12.541
Wheat_2026_Field_A,P0415,4,15,2,B02,Control,G06,6.408,10.588,12.502
Wheat_2026_Field_A,P0416,4,16,2,B02,Standard N,G11,5.822,10.962,12.672
Wheat_2026_Field_A,P0417,4,17,3,B02,Low N,G05,6.725,11.063,12.554
Wheat_2026_Field_A,P0418,4,18,3,B02,High N,G10,6.448,11.465,12.541
Wheat_2026_Field_A,P0419,4,19,3,B02,Low N,G03,5.765,10.635,12.721
Wheat_2026_Field_A,P0420,4,20,3,B02,High N,G08,7.072,10.793,13.105
Wheat_2026_Field_A,P0421,4,21,3,B02,Low N,G01,5.905,10.805,12.935
Wheat_2026_Field_A,P0422,4,22,3,B02,High N,G06,8.18,10.677,12.708
Wheat_2026_Field_A,P0423,4,23,3,B02,Low N,G11,6.993,10.539,12.914
Wheat_2026_Field_A,P0424,4,24,3,B02,High N,G04,8.136,11.082,12.948
Wheat_2026_Field_A,P0501,5,1,1,B02,Control,G10,4.705,10.677,12.292
Wheat_2026_Field_A,P0502,5,2,1,B02,Standard N,G03,6.691,10.964,13.139
Wheat_2026_Field_A,P0503,5,3,1,B02,Control,G08,5.659,10.797,13.224
Wheat_2026_Field_A,P0504,5,4,1,B02,Standard N,G01,7.206,10.622,13.043
Wheat_2026_Field_A,P0505,5,5,1,B02,Control,G06,6.978,10.688,12.873
Wheat_2026_Field_A,P0506,5,6,1,B02,Standard N,G11,7.173,10.683,13.373
Wheat_2026_Field_A,P0507,5,7,1,B02,Control,G04,7.139,10.537,13.166
Wheat_2026_Field_A,P0508,5,8,1,B02,Standard N,G09,8.512,10.848,13.135
Wheat_2026_Field_A,P0509,5,9,2,B02,Low N,G03,6.566,10.349,13.536
Wheat_2026_Field_A,P0510,5,10,2,B02,High N,G08,8.144,10.999,12.858
Wheat_2026_Field_A,P0511,5,11,2,B02,Low N,G01,6.48,10.545,12.467
Wheat_2026_Field_A,P0512,5,12,2,B02,High N,G06,7.122,10.696,12.822
Wheat_2026_Field_A,P0513,5,13,2,B02,Low N,G11,6.553,10.877,12.629
Wheat_2026_Field_A,P0514,5,14,2,B02,High N,G04,6.913,11.314,12.77
Wheat_2026_Field_A,P0515,5,15,2,B02,Low N,G09,5.855,10.872,12.219
Wheat_2026_Field_A,P0516,5,16,2,B02,High N,G02,6.82,10.944,12.381
Wheat_2026_Field_A,P0517,5,17,3,B02,Standard N,G08,6.702,11.054,12.587
Wheat_2026_Field_A,P0518,5,18,3,B02,Control,G01,5.679,10.843,12.862
Wheat_2026_Field_A,P0519,5,19,3,B02,Standard N,G06,7.247,10.79,12.6
Wheat_2026_Field_A,P0520,5,20,3,B02,Control,G11,5.723,10.167,12.866
Wheat_2026_Field_A,P0521,5,21,3,B02,Standard N,G04,6.873,10.921,12.542
Wheat_2026_Field_A,P0522,5,22,3,B02,Control,G09,5.955,10.395,13.045
Wheat_2026_Field_A,P0523,5,23,3,B02,Standard N,G02,8.261,10.479,12.825
Wheat_2026_Field_A,P0524,5,24,3,B02,Control,G07,6.811,10.481,12.292
Wheat_2026_Field_A,P0601,6,1,1,B02,Low N,G01,5.994,10.936,12.89
Wheat_2026_Field_A,P0602,6,2,1,B02,High N,G06,7.391,10.842,12.998
Wheat_2026_Field_A,P0603,6,3,1,B02,Low N,G11,6.555,10.606,12.935
Wheat_2026_Field_A,P0604,6,4,1,B02,High N,G04,7.491,10.897,13.212
Wheat_2026_Field_A,P0605,6,5,1,B02,Low N,G09,6.46,10.933,13.251
Wheat_2026_Field_A,P0606,6,6,1,B02,High N,G02,8.554,10.995,12.857
Wheat_2026_Field_A,P0607,6,7,1,B02,Low N,G07,7.409,10.682,13.236
Wheat_2026_Field_A,P0608,6,8,1,B02,High N,G12,7.74,10.346,13.565
Wheat_2026_Field_A,P0609,6,9,2,B02,Standard N,G06,8.043,10.862,13.128
Wheat_2026_Field_A,P0610,6,10,2,B02,Control,G11,6.893,10.175,12.969
Wheat_2026_Field_A,P0611,6,11,2,B02,Standard N,G04,6.185,10.876,12.844
Wheat_2026_Field_A,P0612,6,12,2,B02,Control,G09,5.631,10.926,12.666
Wheat_2026_Field_A,P0613,6,13,2,B02,Standard N,G02,6.982,10.894,12.912
Wheat_2026_Field_A,P0614,6,14,2,B02,Control,G07,6.448,10.85,12.823
Wheat_2026_Field_A,P0615,6,15,2,B02,Standard N,G12,5.959,10.972,12.759
Wheat_2026_Field_A,P0616,6,16,2,B02,Control,G05,6.021,10.45,12.438
Wheat_2026_Field_A,P0617,6,17,3,B02,High N,G11,6.214,11.294,12.796
Wheat_2026_Field_A,P0618,6,18,3,B02,Low N,G04,6.107,10.736,12.696
Wheat_2026_Field_A,P0619,6,19,3,B02,High N,G09,6.622,11.232,12.747
Wheat_2026_Field_A,P0620,6,20,3,B02,Low N,G02,6.565,10.902,12.5
Wheat_2026_Field_A,P0621,6,21,3,B02,High N,G07,7.012,10.899,12.805
Wheat_2026_Field_A,P0622,6,22,3,B02,Low N,G12,6.659,10.821,12.782
Wheat_2026_Field_A,P0623,6,23,3,B02,High N,G05,7.897,10.755,13.048
Wheat_2026_Field_A,P0624,6,24,3,B02,Low N,G10,5.938,10.712,12.789
Wheat_2026_Field_A,P0701,7,1,1,B03,Standard N,G04,6.249,10.895,13.083
Wheat_2026_Field_A,P0702,7,2,1,B03,Control,G09,4.892,10.774,12.916
Wheat_2026_Field_A,P0703,7,3,1,B03,Standard N,G02,6.676,10.697,13.388
Wheat_2026_Field_A,P0704,7,4,1,B03,Control,G07,6.849,10.649,13.449
Wheat_2026_Field_A,P0705,7,5,1,B03,Standard N,G12,7.366,10.68,12.852
Wheat_2026_Field_A,P0706,7,6,1,B03,Control,G05,7.501,10.407,13.277
Wheat_2026_Field_A,P0707,7,7,1,B03,Standard N,G10,7.532,10.891,12.905
Wheat_2026_Field_A,P0708,7,8,1,B03,Control,G03,6.445,10.756,13.491
Wheat_2026_Field_A,P0709,7,9,2,B03,High N,G09,7.804,10.841,13.209
Wheat_2026_Field_A,P0710,7,10,2,B03,Low N,G02,6.686,10.771,13.271
Wheat_2026_Field_A,P0711,7,11,2,B03,High N,G07,6.889,10.801,12.488
Wheat_2026_Field_A,P0712,7,12,2,B03,Low N,G12,5.518,10.998,12.785
Wheat_2026_Field_A,P0713,7,13,2,B03,High N,G05,6.903,11.124,13.161
Wheat_2026_Field_A,P0714,7,14,2,B03,Low N,G10,5.204,10.89,12.66
Wheat_2026_Field_A,P0715,7,15,2,B03,High N,G03,6.347,10.893,12.578
Wheat_2026_Field_A,P0716,7,16,2,B03,Low N,G08,6.039,10.784,12.74
Wheat_2026_Field_A,P0717,7,17,3,B03,Control,G02,5.568,10.673,12.729
Wheat_2026_Field_A,P0718,7,18,3,B03,Standard N,G07,6.219,11.023,12.68
Wheat_2026_Field_A,P0719,7,19,3,B03,Control,G12,5.032,10.755,12.936
Wheat_2026_Field_A,P0720,7,20,3,B03,Standard N,G05,6.963,10.6,12.63
Wheat_2026_Field_A,P0721,7,21,3,B03,Control,G10,5.763,10.429,13.104
Wheat_2026_Field_A,P0722,7,22,3,B03,Standard N,G03,6.978,10.942,12.619
Wheat_2026_Field_A,P0723,7,23,3,B03,Control,G08,6.212,10.422,13.045
Wheat_2026_Field_A,P0724,7,24,3,B03,Standard N,G01,7.744,10.968,12.231
Wheat_2026_Field_A,P0801,8,1,1,B03,High N,G07,5.55,10.972,12.933
Wheat_2026_Field_A,P0802,8,2,1,B03,Low N,G12,5.931,10.465,12.645
Wheat_2026_Field_A,P0803,8,3,1,B03,High N,G05,7.12,10.941,12.953
Wheat_2026_Field_A,P0804,8,4,1,B03,Low N,G10,6.669,10.653,12.934
Wheat_2026_Field_A,P0805,8,5,1,B03,High N,G03,7.075,10.993,13.072
Wheat_2026_Field_A,P0806,8,6,1,B03,Low N,G08,6.862,10.619,12.939
Wheat_2026_Field_A,P0807,8,7,1,B03,High N,G01,7.657,10.596,12.99
Wheat_2026_Field_A,P0808,8,8,1,B03,Low N,G06,7.416,10.648,13.005
Wheat_2026_Field_A,P0809,8,9,2,B03,Control,G12,6.435,10.601,13.291
Wheat_2026_Field_A,P0810,8,10,2,B03,Standard N,G05,7.767,10.893,12.653
Wheat_2026_Field_A,P0811,8,11,2,B03,Control,G10,5.197,10.704,12.707
Wheat_2026_Field_A,P0812,8,12,2,B03,Standard N,G03,6.503,10.851,12.185
Wheat_2026_Field_A,P0813,8,13,2,B03,Control,G08,5.133,10.734,12.462
Wheat_2026_Field_A,P0814,8,14,2,B03,Standard N,G01,6.293,10.718,12.564
Wheat_2026_Field_A,P0815,8,15,2,B03,Control,G06,5.618,10.772,12.685
Wheat_2026_Field_A,P0816,8,16,2,B03,Standard N,G11,6.788,11.079,12.406
Wheat_2026_Field_A,P0817,8,17,3,B03,Low N,G05,6.193,10.613,12.47
Wheat_2026_Field_A,P0818,8,18,3,B03,High N,G10,5.562,11.339,12.348
Wheat_2026_Field_A,P0819,8,19,3,B03,Low N,G03,5.688,10.735,12.724
Wheat_2026_Field_A,P0820,8,20,3,B03,High N,G08,6.55,10.961,13.024
Wheat_2026_Field_A,P0821,8,21,3,B03,Low N,G01,6.365,10.844,13.06
Wheat_2026_Field_A,P0822,8,22,3,B03,High N,G06,7.535,10.789,12.728
Wheat_2026_Field_A,P0823,8,23,3,B03,Low N,G11,5.857,10.894,13.113
Wheat_2026_Field_A,P0824,8,24,3,B03,High N,G04,6.912,10.933,12.953
Wheat_2026_Field_A,P0901,9,1,1,B03,Control,G10,4.794,10.362,12.546
Wheat_2026_Field_A,P0902,9,2,1,B03,Standard N,G03,6.497,10.822,13.022
Wheat_2026_Field_A,P0903,9,3,1,B03,Control,G08,5.513,10.738,12.995
Wheat_2026_Field_A,P0904,9,4,1,B03,Standard N,G01,6.481,10.997,12.677
Wheat_2026_Field_A,P0905,9,5,1,B03,Control,G06,6.595,10.669,13.007
Wheat_2026_Field_A,P0906,9,6,1,B03,Standard N,G11,6.785,10.932,12.96
Wheat_2026_Field_A,P0907,9,7,1,B03,Control,G04,6.091,10.503,12.973
Wheat_2026_Field_A,P0908,9,8,1,B03,Standard N,G09,6.815,10.685,13.117
Wheat_2026_Field_A,P0909,9,9,2,B03,Low N,G03,6.32,10.286,12.494
Wheat_2026_Field_A,P0910,9,10,2,B03,High N,G08,7.628,10.916,12.828
Wheat_2026_Field_A,P0911,9,11,2,B03,Low N,G01,6.13,10.853,12.399
Wheat_2026_Field_A,P0912,9,12,2,B03,High N,G06,8.16,10.756,12.586
Wheat_2026_Field_A,P0913,9,13,2,B03,Low N,G11,5.789,10.706,12.19
Wheat_2026_Field_A,P0914,9,14,2,B03,High N,G04,6.517,11.266,12.669
Wheat_2026_Field_A,P0915,9,15,2,B03,Low N,G09,5.569,10.851,12.203
Wheat_2026_Field_A,P0916,9,16,2,B03,High N,G02,6.503,10.858,12.222
Wheat_2026_Field_A,P0917,9,17,3,B03,Standard N,G08,5.992,10.969,12.56
Wheat_2026_Field_A,P0918,9,18,3,B03,Control,G01,5.349,10.776,12.801
Wheat_2026_Field_A,P0919,9,19,3,B03,Standard N,G06,6.005,10.917,12.521
Wheat_2026_Field_A,P0920,9,20,3,B03,Control,G11,5.441,10.569,12.874
Wheat_2026_Field_A,P0921,9,21,3,B03,Standard N,G04,6.166,10.993,12.939
Wheat_2026_Field_A,P0922,9,22,3,B03,Control,G09,5.249,10.743,12.813
Wheat_2026_Field_A,P0923,9,23,3,B03,Standard N,G02,6.404,11.014,12.713
Wheat_2026_Field_A,P0924,9,24,3,B03,Control,G07,5.549,10.498,12.863
Wheat_2026_Field_A,P1001,10,1,1,B04,Low N,G01,5.12,11.265,12.891
Wheat_2026_Field_A,P1002,10,2,1,B04,High N,G06,6.112,10.994,12.801
Wheat_2026_Field_A,P1003,10,3,1,B04,Low N,G11,5.213,10.9,12.936
Wheat_2026_Field_A,P1004,10,4,1,B04,High N,G04,6.767,11.17,13.341
Wheat_2026_Field_A,P1005,10,5,1,B04,Low N,G09,5.986,10.724,12.915
Wheat_2026_Field_A,P1006,10,6,1,B04,High N,G02,7.329,11.218,12.841
Wheat_2026_Field_A,P1007,10,7,1,B04,Low N,G07,6.315,10.962,12.744
Wheat_2026_Field_A,P1008,10,8,1,B04,High N,G12,6.892,10.536,12.881
Wheat_2026_Field_A,P1009,10,9,2,B04,Standard N,G06,6.739,10.688,12.12
Wheat_2026_Field_A,P1010,10,10,2,B04,Control,G11,5.36,10.725,12.433
Wheat_2026_Field_A,P1011,10,11,2,B04,Standard N,G04,6.746,10.945,12.502
Wheat_2026_Field_A,P1012,10,12,2,B04,Control,G09,5.045,10.431,12.51
Wheat_2026_Field_A,P1013,10,13,2,B04,Standard N,G02,7.093,10.921,12.9
Wheat_2026_Field_A,P1014,10,14,2,B04,Control,G07,4.898,10.777,12.579
Wheat_2026_Field_A,P1015,10,15,2,B04,Standard N,G12,5.368,10.698,12.501
Wheat_2026_Field_A,P1016,10,16,2,B04,Control,G05,5.877,10.523,12.461
Wheat_2026_Field_A,P1017,10,17,3,B04,High N,G11,6.829,11.247,13.076
Wheat_2026_Field_A,P1018,10,18,3,B04,Low N,G04,5.727,10.732,12.555
Wheat_2026_Field_A,P1019,10,19,3,B04,High N,G09,5.754,11.417,12.907
Wheat_2026_Field_A,P1020,10,20,3,B04,Low N,G02,6.325,11.092,12.747
Wheat_2026_Field_A,P1021,10,21,3,B04,High N,G07,6.83,10.916,12.916
Wheat_2026_Field_A,P1022,10,22,3,B04,Low N,G12,5.611,10.69,12.947
Wheat_2026_Field_A,P1023,10,23,3,B04,High N,G05,7.576,10.592,12.678
Wheat_2026_Field_A,P1024,10,24,3,B04,Low N,G10,5.604,10.863,12.742
Wheat_2026_Field_A,P1101,11,1,1,B04,Standard N,G04,5.011,11.246,12.725
Wheat_2026_Field_A,P1102,11,2,1,B04,Control,G09,5.08,10.499,12.91
Wheat_2026_Field_A,P1103,11,3,1,B04,Standard N,G02,6.861,10.592,12.898
Wheat_2026_Field_A,P1104,11,4,1,B04,Control,G07,5.779,10.426,12.842
Wheat_2026_Field_A,P1105,11,5,1,B04,Standard N,G12,6.557,10.727,12.472
Wheat_2026_Field_A,P1106,11,6,1,B04,Control,G05,6.729,10.509,12.586
Wheat_2026_Field_A,P1107,11,7,1,B04,Standard N,G10,5.777,11.269,12.51
Wheat_2026_Field_A,P1108,11,8,1,B04,Control,G03,6.044,10.714,12.6
Wheat_2026_Field_A,P1109,11,9,2,B04,High N,G09,7.364,10.736,12.568
Wheat_2026_Field_A,P1110,11,10,2,B04,Low N,G02,6.335,11.069,12.367
Wheat_2026_Field_A,P1111,11,11,2,B04,High N,G07,6.705,10.99,12.579
Wheat_2026_Field_A,P1112,11,12,2,B04,Low N,G12,6.035,11.13,12.557
Wheat_2026_Field_A,P1113,11,13,2,B04,High N,G05,6.941,10.864,12.209
Wheat_2026_Field_A,P1114,11,14,2,B04,Low N,G10,5.135,10.744,12.335
Wheat_2026_Field_A,P1115,11,15,2,B04,High N,G03,6.108,10.918,12.366
Wheat_2026_Field_A,P1116,11,16,2,B04,Low N,G08,5.528,10.605,12.783
Wheat_2026_Field_A,P1117,11,17,3,B04,Control,G02,5.453,10.693,12.458
Wheat_2026_Field_A,P1118,11,18,3,B04,Standard N,G07,5.973,11.111,13.129
Wheat_2026_Field_A,P1119,11,19,3,B04,Control,G12,4.833,10.886,12.685
Wheat_2026_Field_A,P1120,11,20,3,B04,Standard N,G05,7.125,11.067,12.659
Wheat_2026_Field_A,P1121,11,21,3,B04,Control,G10,5.342,10.621,12.948
Wheat_2026_Field_A,P1122,11,22,3,B04,Standard N,G03,6.282,10.937,13.381
Wheat_2026_Field_A,P1123,11,23,3,B04,Control,G08,6.231,10.753,12.913
Wheat_2026_Field_A,P1124,11,24,3,B04,Standard N,G01,7.355,10.868,12.922
Wheat_2026_Field_A,P1201,12,1,1,B04,High N,G07,6.303,11.018,12.748
Wheat_2026_Field_A,P1202,12,2,1,B04,Low N,G12,5.636,11.089,12.882
Wheat_2026_Field_A,P1203,12,3,1,B04,High N,G05,7.6,11.195,12.708
Wheat_2026_Field_A,P1204,12,4,1,B04,Low N,G10,5.681,10.839,12.713
Wheat_2026_Field_A,P1205,12,5,1,B04,High N,G03,7.16,10.777,12.666
Wheat_2026_Field_A,P1206,12,6,1,B04,Low N,G08,6.113,10.469,12.538
Wheat_2026_Field_A,P1207,12,7,1,B04,High N,G01,6.749,10.833,12.81
Wheat_2026_Field_A,P1208,12,8,1,B04,Low N,G06,5.864,10.77,12.764
Wheat_2026_Field_A,P1209,12,9,2,B04,Control,G12,5.839,10.615,12.869
Wheat_2026_Field_A,P1210,12,10,2,B04,Standard N,G05,7.08,11.076,12.469
Wheat_2026_Field_A,P1211,12,11,2,B04,Control,G10,4.766,10.37,12.563
Wheat_2026_Field_A,P1212,12,12,2,B04,Standard N,G03,5.706,10.835,12.349
Wheat_2026_Field_A,P1213,12,13,2,B04,Control,G08,5.252,10.387,12.551
Wheat_2026_Field_A,P1214,12,14,2,B04,Standard N,G01,6.266,10.976,12.557
Wheat_2026_Field_A,P1215,12,15,2,B04,Control,G06,6.122,10.947,12.882
Wheat_2026_Field_A,P1216,12,16,2,B04,Standard N,G11,5.532,11.32,12.663
Wheat_2026_Field_A,P1217,12,17,3,B04,Low N,G05,5.632,10.948,12.914
Wheat_2026_Field_A,P1218,12,18,3,B04,High N,G10,5.807,11.133,12.772
Wheat_2026_Field_A,P1219,12,19,3,B04,Low N,G03,4.939,10.699,12.794
Wheat_2026_Field_A,P1220,12,20,3,B04,High N,G08,6.335,11.058,13.052
Wheat_2026_Field_A,P1221,12,21,3,B04,Low N,G01,5.483,10.509,13.113
Wheat_2026_Field_A,P1222,12,22,3,B04,High N,G06,7.764,11.395,12.658
Wheat_2026_Field_A,P1223,12,23,3,B04,Low N,G11,6.236,10.911,12.458
Wheat_2026_Field_A,P1224,12,24,3,B04,High N,G04,7.327,11.159,12.794
Wheat_2026_Field_A,P1301,13,1,1,B05,Control,G10,4.708,10.535,12.947
Wheat_2026_Field_A,P1302,13,2,1,B05,Standard N,G03,6.059,10.907,12.576
Wheat_2026_Field_A,P1303,13,3,1,B05,Control,G08,5.751,10.514,12.862
Wheat_2026_Field_A,P1304,13,4,1,B05,Standard N,G01,6.489,10.951,12.613
Wheat_2026_Field_A,P1305,13,5,1,B05,Control,G06,6.195,10.425,13.105
Wheat_2026_Field_A,P1306,13,6,1,B05,Standard N,G11,5.97,10.626,13.11
Wheat_2026_Field_A,P1307,13,7,1,B05,Control,G04,5.489,10.849,12.765
Wheat_2026_Field_A,P1308,13,8,1,B05,Standard N,G09,6.531,10.765,12.32
Wheat_2026_Field_A,P1309,13,9,2,B05,Low N,G03,6.096,10.883,12.575
Wheat_2026_Field_A,P1310,13,10,2,B05,High N,G08,7.139,11.15,12.401
Wheat_2026_Field_A,P1311,13,11,2,B05,Low N,G01,5.95,10.809,12.415
Wheat_2026_Field_A,P1312,13,12,2,B05,High N,G06,6.994,10.977,12.093
Wheat_2026_Field_A,P1313,13,13,2,B05,Low N,G11,5.323,10.636,12.428
Wheat_2026_Field_A,P1314,13,14,2,B05,High N,G04,6.957,11.099,12.487
Wheat_2026_Field_A,P1315,13,15,2,B05,Low N,G09,5.323,11.044,12.325
Wheat_2026_Field_A,P1316,13,16,2,B05,High N,G02,6.104,11.211,12.667
Wheat_2026_Field_A,P1317,13,17,3,B05,Standard N,G08,4.919,10.881,13.149
Wheat_2026_Field_A,P1318,13,18,3,B05,Control,G01,4.689,10.861,12.881
Wheat_2026_Field_A,P1319,13,19,3,B05,Standard N,G06,6.528,10.873,12.801
Wheat_2026_Field_A,P1320,13,20,3,B05,Control,G11,4.328,10.394,13.132
Wheat_2026_Field_A,P1321,13,21,3,B05,Standard N,G04,5.759,11.089,13.289
Wheat_2026_Field_A,P1322,13,22,3,B05,Control,G09,4.835,10.674,13.099
Wheat_2026_Field_A,P1323,13,23,3,B05,Standard N,G02,7.902,10.812,12.777
Wheat_2026_Field_A,P1324,13,24,3,B05,Control,G07,6.758,10.869,12.859
Wheat_2026_Field_A,P1401,14,1,1,B05,Low N,G01,5.994,10.693,12.665
Wheat_2026_Field_A,P1402,14,2,1,B05,High N,G06,6.759,10.938,13.148
Wheat_2026_Field_A,P1403,14,3,1,B05,Low N,G11,5.551,10.747,13.101
Wheat_2026_Field_A,P1404,14,4,1,B05,High N,G04,7.441,10.858,12.948
Wheat_2026_Field_A,P1405,14,5,1,B05,Low N,G09,5.621,10.709,12.958
Wheat_2026_Field_A,P1406,14,6,1,B05,High N,G02,8.104,11.028,12.298
Wheat_2026_Field_A,P1407,14,7,1,B05,Low N,G07,6.362,10.456,12.979
Wheat_2026_Field_A,P1408,14,8,1,B05,High N,G12,6.836,10.396,12.718
Wheat_2026_Field_A,P1409,14,9,2,B05,Standard N,G06,6.631,11.195,12.602
Wheat_2026_Field_A,P1410,14,10,2,B05,Control,G11,5.361,10.813,12.781
Wheat_2026_Field_A,P1411,14,11,2,B05,Standard N,G04,6.147,11.033,12.337
Wheat_2026_Field_A,P1412,14,12,2,B05,Control,G09,4.661,10.653,12.846
Wheat_2026_Field_A,P1413,14,13,2,B05,Standard N,G02,6.012,11.217,12.514
Wheat_2026_Field_A,P1414,14,14,2,B05,Control,G07,4.261,10.796,12.58
Wheat_2026_Field_A,P1415,14,15,2,B05,Standard N,G12,5.69,11.122,12.764
Wheat_2026_Field_A,P1416,14,16,2,B05,Control,G05,5.035,10.973,12.804
Wheat_2026_Field_A,P1417,14,17,3,B05,High N,G11,5.302,11.116,12.92
Wheat_2026_Field_A,P1418,14,18,3,B05,Low N,G04,4.58,10.83,12.737
Wheat_2026_Field_A,P1419,14,19,3,B05,High N,G09,4.843,11.476,12.996
Wheat_2026_Field_A,P1420,14,20,3,B05,Low N,G02,5.377,10.888,12.686
Wheat_2026_Field_A,P1421,14,21,3,B05,High N,G07,6.431,10.882,13.057
Wheat_2026_Field_A,P1422,14,22,3,B05,Low N,G12,5.751,10.544,13.287
Wheat_2026_Field_A,P1423,14,23,3,B05,High N,G05,7.477,11.144,12.736
Wheat_2026_Field_A,P1424,14,24,3,B05,Low N,G10,6.327,10.764,12.623
Wheat_2026_Field_A,P1501,15,1,1,B05,Standard N,G04,6.078,11.025,12.62
Wheat_2026_Field_A,P1502,15,2,1,B05,Control,G09,4.735,10.789,13.009
Wheat_2026_Field_A,P1503,15,3,1,B05,Standard N,G02,8.15,10.767,12.943
Wheat_2026_Field_A,P1504,15,4,1,B05,Control,G07,5.493,10.288,12.509
Wheat_2026_Field_A,P1505,15,5,1,B05,Standard N,G12,6.653,11.051,13.111
Wheat_2026_Field_A,P1506,15,6,1,B05,Control,G05,7.616,11.032,12.72
Wheat_2026_Field_A,P1507,15,7,1,B05,Standard N,G10,6.666,10.738,12.589
Wheat_2026_Field_A,P1508,15,8,1,B05,Control,G03,5.791,10.7,12.513
Wheat_2026_Field_A,P1509,15,9,2,B05,High N,G09,6.606,10.708,12.864
Wheat_2026_Field_A,P1510,15,10,2,B05,Low N,G02,7.111,11.072,12.828
Wheat_2026_Field_A,P1511,15,11,2,B05,High N,G07,6.678,11.069,12.245
Wheat_2026_Field_A,P1512,15,12,2,B05,Low N,G12,5.826,10.871,12.545
Wheat_2026_Field_A,P1513,15,13,2,B05,High N,G05,7.742,11.01,12.675
Wheat_2026_Field_A,P1514,15,14,2,B05,Low N,G10,5.085,10.834,12.605
Wheat_2026_Field_A,P1515,15,15,2,B05,High N,G03,6.936,10.833,12.993
Wheat_2026_Field_A,P1516,15,16,2,B05,Low N,G08,5.143,10.876,13.036
Wheat_2026_Field_A,P1517,15,17,3,B05,Control,G02,5.352,11.005,12.574
Wheat_2026_Field_A,P1518,15,18,3,B05,Standard N,G07,5.596,10.997,13.358
Wheat_2026_Field_A,P1519,15,19,3,B05,Control,G12,4.846,10.834,13.375
Wheat_2026_Field_A,P1520,15,20,3,B05,Standard N,G05,6.053,10.337,13.233
Wheat_2026_Field_A,P1521,15,21,3,B05,Control,G10,4.956,10.571,13.102
Wheat_2026_Field_A,P1522,15,22,3,B05,Standard N,G03,6.562,11.31,13.136
Wheat_2026_Field_A,P1523,15,23,3,B05,Control,G08,6.461,10.478,13.175
Wheat_2026_Field_A,P1524,15,24,3,B05,Standard N,G01,6.734,10.973,12.981
Wheat_2026_Field_A,P1601,16,1,1,B06,High N,G07,7.202,11.552,12.619
Wheat_2026_Field_A,P1602,16,2,1,B06,Low N,G12,5.537,10.659,12.567
Wheat_2026_Field_A,P1603,16,3,1,B06,High N,G05,7.418,10.916,12.968
Wheat_2026_Field_A,P1604,16,4,1,B06,Low N,G10,5.403,11.076,13.188
Wheat_2026_Field_A,P1605,16,5,1,B06,High N,G03,6.942,10.819,12.565
Wheat_2026_Field_A,P1606,16,6,1,B06,Low N,G08,6.222,10.572,12.925
Wheat_2026_Field_A,P1607,16,7,1,B06,High N,G01,7.319,11.016,12.685
Wheat_2026_Field_A,P1608,16,8,1,B06,Low N,G06,6.897,10.462,12.572
Wheat_2026_Field_A,P1609,16,9,2,B06,Control,G12,5.597,10.902,12.647
Wheat_2026_Field_A,P1610,16,10,2,B06,Standard N,G05,7.69,11.168,12.521
Wheat_2026_Field_A,P1611,16,11,2,B06,Control,G10,5.594,10.888,12.208
Wheat_2026_Field_A,P1612,16,12,2,B06,Standard N,G03,6.566,10.739,12.868
Wheat_2026_Field_A,P1613,16,13,2,B06,Control,G08,5.522,10.749,12.539
Wheat_2026_Field_A,P1614,16,14,2,B06,Standard N,G01,6.272,10.993,12.147
Wheat_2026_Field_A,P1615,16,15,2,B06,Control,G06,6.007,10.577,12.779
Wheat_2026_Field_A,P1616,16,16,2,B06,Standard N,G11,5.757,10.873,12.52
Wheat_2026_Field_A,P1617,16,17,3,B06,Low N,G05,5.624,10.753,12.778
Wheat_2026_Field_A,P1618,16,18,3,B06,High N,G10,5.488,10.951,12.688
Wheat_2026_Field_A,P1619,16,19,3,B06,Low N,G03,5.14,10.85,13.23
Wheat_2026_Field_A,P1620,16,20,3,B06,High N,G08,6.028,11.229,13.026
Wheat_2026_Field_A,P1621,16,21,3,B06,Low N,G01,5.641,10.813,12.603
Wheat_2026_Field_A,P1622,16,22,3,B06,High N,G06,7.282,10.861,13.167
Wheat_2026_Field_A,P1623,16,23,3,B06,Low N,G11,6.415,10.667,13.228
Wheat_2026_Field_A,P1624,16,24,3,B06,High N,G04,7.678,10.971,12.725
Wheat_2026_Field_A,P1701,17,1,1,B06,Control,G10,4.961,10.584,13.103
Wheat_2026_Field_A,P1702,17,2,1,B06,Standard N,G03,6.207,10.715,12.646
Wheat_2026_Field_A,P1703,17,3,1,B06,Control,G08,5.612,10.756,12.945
Wheat_2026_Field_A,P1704,17,4,1,B06,Standard N,G01,7.093,10.543,12.525
Wheat_2026_Field_A,P1705,17,5,1,B06,Control,G06,6.274,10.897,12.597
Wheat_2026_Field_A,P1706,17,6,1,B06,Standard N,G11,6.276,10.595,12.546
Wheat_2026_Field_A,P1707,17,7,1,B06,Control,G04,6.659,10.612,12.394
Wheat_2026_Field_A,P1708,17,8,1,B06,Standard N,G09,6.716,10.923,12.474
Wheat_2026_Field_A,P1709,17,9,2,B06,Low N,G03,6.487,10.751,12.526
Wheat_2026_Field_A,P1710,17,10,2,B06,High N,G08,7.531,10.978,12.694
Wheat_2026_Field_A,P1711,17,11,2,B06,Low N,G01,6.48,10.556,12.328
Wheat_2026_Field_A,P1712,17,12,2,B06,High N,G06,7.211,10.975,12.471
Wheat_2026_Field_A,P1713,17,13,2,B06,Low N,G11,6.401,10.496,12.45
Wheat_2026_Field_A,P1714,17,14,2,B06,High N,G04,6.603,10.963,12.674
Wheat_2026_Field_A,P1715,17,15,2,B06,Low N,G09,5.491,10.414,12.53
Wheat_2026_Field_A,P1716,17,16,2,B06,High N,G02,7.582,10.835,12.47
Wheat_2026_Field_A,P1717,17,17,3,B06,Standard N,G08,6.421,11.008,12.805
Wheat_2026_Field_A,P1718,17,18,3,B06,Control,G01,5.346,10.977,13.082
Wheat_2026_Field_A,P1719,17,19,3,B06,Standard N,G06,6.44,11.168,12.927
Wheat_2026_Field_A,P1720,17,20,3,B06,Control,G11,5.865,10.639,13.023
Wheat_2026_Field_A,P1721,17,21,3,B06,Standard N,G04,6.568,10.941,13.107
Wheat_2026_Field_A,P1722,17,22,3,B06,Control,G09,5.883,10.767,12.885
Wheat_2026_Field_A,P1723,17,23,3,B06,Standard N,G02,7.586,10.861,12.701
Wheat_2026_Field_A,P1724,17,24,3,B06,Control,G07,6.154,10.505,12.735
Wheat_2026_Field_A,P1801,18,1,1,B06,Low N,G01,5.636,10.904,13.021
Wheat_2026_Field_A,P1802,18,2,1,B06,High N,G06,7.578,10.729,13.147
Wheat_2026_Field_A,P1803,18,3,1,B06,Low N,G11,5.257,10.658,12.538
Wheat_2026_Field_A,P1804,18,4,1,B06,High N,G04,6.863,11.136,12.619
Wheat_2026_Field_A,P1805,18,5,1,B06,Low N,G09,6.117,10.595,12.724
Wheat_2026_Field_A,P1806,18,6,1,B06,High N,G02,7.743,11.539,12.635
Wheat_2026_Field_A,P1807,18,7,1,B06,Low N,G07,5.936,10.79,12.997
Wheat_2026_Field_A,P1808,18,8,1,B06,High N,G12,6.309,10.858,12.602
Wheat_2026_Field_A,P1809,18,9,2,B06,Standard N,G06,7.413,10.804,12.661
Wheat_2026_Field_A,P1810,18,10,2,B06,Control,G11,5.029,10.54,12.753
Wheat_2026_Field_A,P1811,18,11,2,B06,Standard N,G04,6.242,10.918,12.575
Wheat_2026_Field_A,P1812,18,12,2,B06,Control,G09,5.615,10.698,12.805
Wheat_2026_Field_A,P1813,18,13,2,B06,Standard N,G02,6.51,10.952,12.164
Wheat_2026_Field_A,P1814,18,14,2,B06,Control,G07,5.447,10.493,12.469
Wheat_2026_Field_A,P1815,18,15,2,B06,Standard N,G12,6.769,10.883,12.594
Wheat_2026_Field_A,P1816,18,16,2,B06,Control,G05,6.062,10.598,12.58
Wheat_2026_Field_A,P1817,18,17,3,B06,High N,G11,6.012,10.965,12.738
Wheat_2026_Field_A,P1818,18,18,3,B06,Low N,G04,5.941,10.839,12.604
Wheat_2026_Field_A,P1819,18,19,3,B06,High N,G09,6.442,10.817,13.013
Wheat_2026_Field_A,P1820,18,20,3,B06,Low N,G02,6.721,10.842,13.16
Wheat_2026_Field_A,P1821,18,21,3,B06,High N,G07,6.915,11.004,12.546
Wheat_2026_Field_A,P1822,18,22,3,B06,Low N,G12,6.396,10.526,12.509
Wheat_2026_Field_A,P1823,18,23,3,B06,High N,G05,8.106,10.734,13.263
Wheat_2026_Field_A,P1824,18,24,3,B06,Low N,G10,6.379,10.376,12.824
